Metal,Cluster,Method,Energy_1(meV/atom),Energy_2(meV/atom),Energy_3(meV/atom),Energy_4(meV/atom)
Au,4,PBE,1548.2554249999998,1542.0828050000002,1450.28531,1261.2668500000002
Au,4,PBE-D2,1578.8815124999999,1572.5141950000002,1488.9595474999999,1303.5308925
Au,4,PBE-DDSC,1591.8392425,1577.5640700000001,1478.5367850000002,1308.7831625000001
Au,4,PBE-D30,1567.7487975,1560.37213,1470.11285,1289.9434475
Au,4,PBE-D3,1602.9490775,1589.2695225,1490.7356374999997,1320.019595
Au,4,PBE-TS,1554.239955,1548.7779875,1459.9920275,1264.5702775
Au,4,PBE-TSHI,1554.4238300000002,1548.712735,1459.8863,1264.0926874999998
Au,4,PBE-D4,1612.0350475,1596.869505,1497.2128275,1329.94711
Au,4,PBE-MBDHI,1587.06607,1573.466985,1477.8916125,1304.4655025
Au,4,PBE-MBDFI,1602.24012,1586.7368900000001,1488.2398750000002,1320.5756750000003
Au,4,revPBE,1340.797135,1352.845405,1279.10959,1061.6823075000002
Au,4,REVPBE-D30,1387.386485,1390.6111825,1315.6779549999999,1141.8762675
Au,4,revPBE-D3,1451.1245,1447.5655574999998,1360.2860249999999,1180.59147
Au,4,revPBE-D4,1454.71551,1449.4746699999998,1361.1803725,1185.37854
Au,4,PBEsol,1783.1325075,1754.83386,1634.78769,1476.480915
Au,4,PBEsol-D3,1814.7412275000002,1784.2866975,1660.81194,1509.0341025
Au,4,PBEsol-D4,1803.6548675,1774.007535,1651.759105,1497.5955700000002
Au,4,vdW-DF,1328.1371499999998,1339.8151475,1276.1411624999998,1073.2115724999999
Au,4,vdW-DF2,1351.4177875,1368.0585525,1317.7843899999998,1105.1885899999997
Au,4,optB86b-vdW,1642.5667849999998,1621.7614375,1516.5503625,1360.179625
Au,4,rev-vdW-DF2,1619.5497925,1601.9816225,1502.5392274999997,1336.8476974999999
Au,4,TPSS,1551.5362725,1537.7984875,1430.821745,1262.9438774999999
Au,4,R2SCAN,1635.9236250000038,1624.0135850000001,1516.5360499999992,1343.1637824999996
Au,4,R2SCAN-D3,1650.5043900000019,1637.5930000000026,1528.5683124999991,1358.196407500003
Au,4,R2SCAN-D4,1647.279557499999,1634.6595925000001,1526.0013299999996,1354.8375975000013
Au,4,R2SCAN-RVV10,1681.5815349999993,1663.3053374999988,1549.5916725000002,1389.9361324999973
Au,4,SCAN-rVV10,1714.1402274999962,1703.0047699999927,1591.2452074999946,1402.7274324999867
Au,4,PBE0,1373.8758424999999,1365.5447399999998,1252.6854525,1086.1789050000002
Au,4,PBE0-D30,1396.8523074999998,1386.51579,1274.4493199999997,1122.2119424999999
Au,4,PBE0-D3,1430.454395,1414.8317025000003,1295.241915,1146.6029375
Au,4,PBE0-D4,1428.5704275,1413.2276749999999,1293.9088975000002,1144.548565
Au,4,PBE0-TSHI,1379.9701025000002,1371.993485,1261.932225,1088.69463
Au,4,PBE0-MBDHI,1404.1756124999997,1391.1274724999998,1274.8661475,1119.5714475
Au,4,PBE0-MBDFI,1419.9220625000003,1403.6666500000001,1285.6541475000001,1136.4103249999998
Au,4,HSE06,1377.5449824999998,1369.1404650000002,1259.4390525,1089.3288925000002
Au,4,HSE06-D4,1431.2392324999998,1415.9952825,1299.9654074999999,1146.5987825
Au,4,B3LYP,1242.210785,1257.0464674999998,1181.9236349999999,967.7648575
Au,4,B3LYP-D2,1285.0872499999998,1299.650765,1236.06777,1026.9346424999999
Au,4,B3LYP-D30,1282.95247,1292.43472,1218.86726,1033.6303775
Au,4,B3LYP-D3,1369.0604025,1364.61566,1273.1343075,1105.5833675
Au,4,B3LYP-D4,1655.61441,1633.8330349999999,1528.718965,1377.2843325
Au,6,PBE,1931.4337866666667,1768.5779833333336,1688.9783816666668,1715.887985
Au,6,PBE-D2,1999.0326266666666,1859.9093883333335,1761.4595533333336,1792.7350366666667
Au,6,PBE-DDSC,1988.5142983333335,1833.6765650000002,1760.917315,1772.8109433333334
Au,6,PBE-D30,1969.3231150000004,1816.8805899999998,1732.7626950000001,1757.2453900000003
Au,6,PBE-D3,2007.1442399999996,1853.584016666667,1778.7735833333334,1791.0741083333332
Au,6,PBE-TS,1946.7349916666665,1789.525075,1702.61506,1732.3622616666667
Au,6,PBE-TSHI,1946.496115,1789.3504016666668,1702.638505,1731.8350699999999
Au,6,PBE-D4,2019.2133316666668,1867.44408,1793.6247316666668,1803.1981416666665
Au,6,PBE-MBDHI,1986.6538500000001,1831.737336666667,1756.3637716666667,1771.2883866666666
Au,6,PBE-MBDFI,2010.6113216666665,1858.3176133333334,1785.0139783333336,1794.3263050000003
Au,6,revPBE,1690.44466,1521.3665383333334,1430.5768783333333,1476.3578799999998
Au,6,REVPBE-D30,1767.39888,1624.88116,1535.6419183333335,1564.6286016666666
Au,6,revPBE-D3,1842.5316799999998,1693.0776033333332,1611.99892,1627.5976816666666
Au,6,revPBE-D4,1844.4537783333335,1696.0224166666665,1617.0192183333331,1629.989305
Au,6,PBEsol,2212.48691,2050.6045716666667,1989.3074316666666,1988.3005933333334
Au,6,PBEsol-D3,2260.9060633333333,2102.3003933333334,2041.8671599999998,2035.6140666666668
Au,6,PBEsol-D4,2244.020281666667,2084.1697666666664,2023.4236249999994,2019.1289149999996
Au,6,vdW-DF,1671.0378249999997,1517.4009783333331,1424.7892650000001,1468.8567449999998
Au,6,vdW-DF2,1685.558953333333,1534.3541033333333,1431.91827,1496.9526216666666
Au,6,optB86b-vdW,2048.926338333333,1897.9036183333333,1834.424633333333,1833.1022216666665
Au,6,rev-vdW-DF2,2018.5347366666665,1866.8677333333333,1800.1219133333332,1805.1191866666666
Au,6,TPSS,1944.5669033333336,1782.6504466666665,1720.132843333333,1718.6311516666665
Au,6,R2SCAN,2065.4825650000034,1891.6455600000077,1815.80094666667,1834.6032500000006
Au,6,R2SCAN-D3,2087.784059999997,1915.421170000002,1840.0193049999984,1856.434401666668
Au,6,R2SCAN-D4,2082.991151666661,1910.2032933333319,1834.668018333332,1851.7433983333333
Au,6,R2SCAN-RVV10,2122.991814999999,1954.2246433333332,1883.8884016666668,1891.677901666668
Au,6,SCAN-rVV10,2172.575391666655,1972.735700000001,1911.8081933333287,1941.713458333325
Au,6,PBE0,1758.1067133333336,1598.2354550000002,1510.3949516666667,1495.3988516666668
Au,6,PBE0-D30,1801.138735,1653.4588433333333,1562.2146466666666,1543.2625649999998
Au,6,PBE0-D3,1837.6321300000002,1687.1974716666668,1603.6269916666668,1574.2039483333335
Au,6,PBE0-D4,1835.0789383333336,1684.3286383333336,1600.540375,1571.6907933333334
Au,6,PBE0-TSHI,1772.5907750000003,1618.1137183333335,1523.5393016666667,1510.5936849999998
Au,6,PBE0-MBDHI,1802.62169,1648.9996350000004,1563.8621733333332,1539.86938
Au,6,PBE0-MBDFI,1826.38804,1675.4465933333333,1592.4354533333333,1562.6276283333332
Au,6,HSE06,1761.0811700000002,1602.5527049999998,1513.490926666667,1502.5766683333334
Au,6,HSE06-D4,1836.7436833333334,1687.1343716666668,1602.0044233333338,1577.5536383333338
Au,6,B3LYP,1588.2586450000003,1422.5715066666667,1311.016548333333,1349.7732833333334
Au,6,B3LYP-D2,1682.8970316666664,1550.4354849999997,1412.4902016666665,1457.3591666666669
Au,6,B3LYP-D30,1661.68058,1520.1981983333333,1403.546405,1432.98211
Au,6,B3LYP-D3,1759.6674183333334,1616.9481566666668,1518.6375016666666,1520.6940016666667
Au,6,B3LYP-D4,2078.3967666666667,1934.844975,1865.2390699999996,1862.2459283333333
Au,8,PBE,2008.63607875,1935.5712187499998,1966.3596062499996,1915.6665612499996
Au,8,PBE-D2,2121.51039625,2087.3568212500004,2062.13113125,2085.68999625
Au,8,PBE-DDSC,2072.30350875,2024.2273337500003,2035.95932125,2007.9733712500004
Au,8,PBE-D30,2064.550405,2013.160935,2018.83678,1999.51772375
Au,8,PBE-D3,2096.36926375,2052.0350925,2059.94983125,2036.2878687500001
Au,8,PBE-TS,2032.597505,1965.314865,1989.0173775,1946.9048000000003
Au,8,PBE-TSHI,2031.6696475000003,1963.85505625,1988.8934912500004,1945.1669162500002
Au,8,PBE-D4,2109.9092475,2070.9283925000004,2074.6253400000005,2056.02288875
Au,8,PBE-MBDHI,2072.80995375,2025.6373450000003,2036.3323325000001,2009.9446537499998
Au,8,PBE-MBDFI,2100.5039475,2064.75747,2068.0044249999996,2050.7804075
Au,8,revPBE,1755.76259,1649.5007137500002,1702.52511,1625.48947
Au,8,REVPBE-D30,1862.8581387499999,1820.8338112499998,1805.3157762499998,1813.4291437499999
Au,8,revPBE-D3,1931.1752849999998,1884.7768250000001,1890.1115137499999,1869.5203075
Au,8,revPBE-D4,1931.1876162499998,1888.4807700000001,1891.11457625,1873.9823975
Au,8,PBEsol,2303.92093125,2272.31035125,2275.92498875,2256.8185387500002
Au,8,PBEsol-D3,2364.3063912500006,2343.7488987500005,2338.1602499999995,2329.5493650000003
Au,8,PBEsol-D4,2343.3903725,2318.71720125,2316.55212125,2304.02972125
Au,8,vdW-DF,1738.1107662499999,1649.463255,1683.9505649999999,1628.72841875
Au,8,vdW-DF2,1753.1166487499997,1650.2876637499999,1693.6364775,1628.2134249999997
Au,8,optB86b-vdW,2134.8568387500004,2109.6526999999996,2102.6450125,2095.72264125
Au,8,rev-vdW-DF2,2101.42181,2069.4804062499998,2067.3340737500002,2054.7540962499997
Au,8,TPSS,2020.95707125,1975.4809125000002,1986.025675,1958.3430724999998
Au,8,R2SCAN,2157.7969650000027,2097.3010212500044,2114.54363875,2077.8342762500015
Au,8,R2SCAN-D3,2185.665721250004,2130.163278750004,2143.2642525000033,2111.2882124999996
Au,8,R2SCAN-D4,2179.8336812500024,2122.978017499996,2137.1901475,2103.931043750002
Au,8,R2SCAN-RVV10,2220.7689099999966,2178.6749324999946,2182.0909549999997,2161.721547499994
Au,8,SCAN-rVV10,2277.0899837499883,2206.037604999992,2230.786694999992,2180.260003749993
Au,8,PBE0,1831.8972725,1761.629445,1780.9396775000002,1743.73361625
Au,8,PBE0-D30,1896.15743125,1852.5874387499998,1840.0151012499998,1842.8262925000001
Au,8,PBE0-D3,1924.9573512500003,1883.63212375,1879.8029062500002,1869.8546087500004
Au,8,PBE0-D4,1922.0370275,1879.6716925,1876.68210625,1865.75398
Au,8,PBE0-TSHI,1853.7006424999997,1788.2463225000001,1802.6329149999997,1771.371235
Au,8,PBE0-MBDHI,1884.44058125,1834.3495437499998,1837.70160875,1819.81420625
Au,8,PBE0-MBDFI,1911.9524749999998,1873.2982225,1868.3910075,1860.6098237500003
Au,8,HSE06,1834.5226125000002,1764.6564850000002,1785.4449837500001,1747.2222362500004
Au,8,HSE06-D4,1923.2098437500001,1880.63588125,1879.6052250000002,1867.0851750000002
Au,8,B3LYP,1651.1712312500001,1531.47908,1585.49043,1507.7210874999998
Au,8,B3LYP-D2,1809.1952862499998,1743.978935,1719.57057625,1745.7539100000001
Au,8,B3LYP-D30,1759.37979625,1692.87051125,1685.40626125,1684.9995900000001
Au,8,B3LYP-D3,1846.30505,1797.5618487499999,1795.28631625,1784.37036375
Au,8,B3LYP-D4,2177.3873175,2163.2368262500004,2147.18635375,2152.0499212500004
Ag,4,PBE,1159.13482,1108.9329275000002,1005.3596500000002,928.7878124999999
Ag,4,PBE-D2,1180.49492,1126.7514925,1017.9102550000001,992.4263550000001
Ag,4,PBE-DDSC,1186.82763,1131.4656975,1022.1461299999999,960.1406799999999
Ag,4,PBE-D30,1171.3874400000002,1120.9751975,1014.9834374999999,949.8968225000001
Ag,4,PBE-D3,1209.842275,1151.9606975,1038.8904575,983.3361999999998
Ag,4,PBE-TS,1165.6582700000001,1115.6937175,1011.0859649999999,935.8329399999999
Ag,4,PBE-TSHI,1166.1181375,1115.341975,1010.94643,934.7652449999999
Ag,4,PBE-D4,1214.2420925,1155.46417,1041.6050475,988.19025
Ag,4,PBE-MBDHI,1210.1427899999999,1149.14822,1037.280465,985.008095
Ag,4,PBE-MBDFI,1206.7720525,1146.6665125000002,1034.205555,980.4250124999999
Ag,4,revPBE,978.78912,945.6451825,861.397325,761.4534625
Ag,4,REVPBE-D30,1009.2734649999999,971.3918349999999,880.1609649999999,823.6481024999999
Ag,4,revPBE-D3,1083.5468374999998,1033.9005574999999,929.7799825,874.8607374999999
Ag,4,revPBE-D4,1082.640555,1032.1692500000001,928.2392249999999,874.1901925000001
Ag,4,PBEsol,1335.4827200000002,1261.22783,1124.8576225,1080.406765
Ag,4,PBEsol-D3,1364.05563,1287.3767425,1146.1073425,1110.040775
Ag,4,PBEsol-D4,1353.3485349999999,1277.60411,1138.2131575,1098.9098199999999
Ag,4,vdW-DF,1000.4081724999998,976.6162,908.5639699999999,803.5472499999998
Ag,4,vdW-DF2,1052.53051,1036.4802725,981.1774525000001,858.9981725
Ag,4,optB86b-vdW,1223.0738350000001,1163.9108225,1049.009125,992.0692550000001
Ag,4,rev-vdW-DF2,1200.4383475000002,1146.9845425,1040.8907450000002,970.48967
Ag,4,TPSS,1161.8578800000012,1099.9363725000003,978.3854075000012,922.1567000000003
Ag,4,R2SCAN,1217.316180000001,1148.8696800000007,1017.7759874999986,974.7928200000011
Ag,4,R2SCAN-D3,1230.9056375000011,1161.311792500001,1027.9448825000018,988.8891824999995
Ag,4,R2SCAN-D4,1227.4236075000003,1158.1802450000005,1025.437095000001,985.2418424999989
Ag,4,R2SCAN-RVV10,1256.4401674999992,1182.1964025000007,1044.3512824999991,1013.1822375000006
Ag,4,SCAN-rVV10,1191.7385725000004,1117.1226225000019,972.1751199999993,942.8475575000022
Ag,4,PBE0,1029.4372725,974.4368875000001,855.038255,795.1864899999999
Ag,4,PBE0-D30,1043.6815100000001,988.1067825,865.8249525000001,821.61364
Ag,4,PBE0-D3,1081.2010575,1018.7229375,889.6700625,850.7209025
Ag,4,PBE0-D4,1076.6473524999997,1014.8018225,886.6431549999999,845.8061475
Ag,4,PBE0-TSHI,1036.3001075,980.54106,860.4814275000001,800.3221575000001
Ag,4,PBE0-MBDHI,1069.2935475000002,1006.6761899999999,880.465265,839.2363025000001
Ag,4,PBE0-MBDFI,1070.1279049999998,1006.7029125,879.8287075,839.1859374999999
Ag,4,HSE06,1031.0178175,976.9645375,861.6530650000001,798.1331949999999
Ag,4,HSE06-D4,1077.1301725,1016.4351375,892.5755399999999,847.5470549999999
Ag,4,B3LYP,953.6753525,925.9438425000001,844.8080775000001,733.4669000000001
Ag,4,B3LYP-D2,983.5791425,950.8899850000001,862.3789125000001,822.5613549999999
Ag,4,B3LYP-D30,978.7549225,948.7329900000001,862.2062075000001,781.7462975
Ag,4,B3LYP-D3,1069.1970724999999,1022.4944175000002,919.3481125000001,858.862505
Ag,4,B3LYP-D4,1251.914225,1186.83255,1065.7168800000002,1029.2757450000001
Ag,6,PBE,1437.2236149999999,1398.5652883333335,1322.1623583333333,1244.5365216666667
Ag,6,PBE-D2,1471.9896950000002,1444.4317633333333,1370.5973916666665,1289.1348983333335
Ag,6,PBE-DDSC,1475.9840966666663,1443.2601783333332,1371.854075,1283.7406633333333
Ag,6,PBE-D30,1462.18821,1430.008395,1348.8890766666668,1272.1383783333335
Ag,6,PBE-D3,1506.31976,1476.7294033333333,1405.7222616666668,1313.2699099999998
Ag,6,PBE-TS,1453.0157450000002,1420.6932100000001,1337.3771983333334,1262.2896816666666
Ag,6,PBE-TSHI,1452.7245466666668,1420.58289,1337.8125349999998,1261.5448483333334
Ag,6,PBE-D4,1511.945935,1483.3215816666668,1412.9265833333334,1318.9812633333333
Ag,6,PBE-MBDHI,1508.8803933333331,1479.7081749999998,1410.6786183333331,1315.906075
Ag,6,PBE-MBDFI,1502.6901816666666,1474.1354566666666,1405.3921883333335,1310.3990700000002
Ag,6,revPBE,1227.2218566666668,1180.83124,1094.655035,1037.699075
Ag,6,REVPBE-D30,1278.8085716666667,1250.0994249999999,1160.8843583333332,1098.5832666666665
Ag,6,revPBE-D3,1368.8586183333334,1342.0422183333333,1267.4385249999998,1178.8972066666665
Ag,6,revPBE-D4,1365.0174250000002,1337.9575066666666,1264.9903916666667,1175.3007733333334
Ag,6,PBEsol,1647.187775,1617.0368783333333,1557.7547200000001,1442.9046216666666
Ag,6,PBEsol-D3,1690.3071716666666,1663.70207,1605.4435083333333,1485.1733766666666
Ag,6,PBEsol-D4,1674.2349866666668,1646.2148283333336,1587.5612816666664,1469.4249966666666
Ag,6,vdW-DF,1252.1037849999998,1208.77801,1115.8907016666665,1075.6316266666665
Ag,6,vdW-DF2,1310.5695066666667,1262.7826,1156.94986,1144.4516783333333
Ag,6,optB86b-vdW,1519.5382683333335,1489.5792000000001,1424.3356366666667,1325.5866083333333
Ag,6,rev-vdW-DF2,1490.8474316666666,1457.9179233333334,1387.6844883333335,1299.9336666666668
Ag,6,TPSS,1443.691516666668,1409.7776566666678,1351.6031516666676,1240.1481583333336
Ag,6,R2SCAN,1525.669465,1494.0118216666676,1430.2252983333333,1323.8565400000014
Ag,6,R2SCAN-D3,1546.1544516666663,1516.1300366666665,1452.8777999999995,1343.9626050000015
Ag,6,R2SCAN-D4,1541.0385783333354,1510.5043483333347,1447.0749950000013,1338.9366799999998
Ag,6,R2SCAN-RVV10,1574.8499649999985,1547.9236749999998,1489.367041666668,1372.3731966666649
Ag,6,SCAN-rVV10,1513.3597150000035,1480.6252900000025,1422.9186683333346,1305.5102400000003
Ag,6,PBE0,1296.7855533333336,1258.09995,1186.5725216666667,1079.0795633333335
Ag,6,PBE0-D30,1324.6207150000002,1293.4669183333333,1217.6553999999999,1110.6178566666667
Ag,6,PBE0-D3,1368.3720333333333,1338.930135,1272.2201633333332,1150.2109916666668
Ag,6,PBE0-D4,1362.1608250000002,1331.929595,1264.7071466666664,1144.067345
Ag,6,PBE0-TSHI,1311.7370250000001,1279.2402233333332,1201.5733383333336,1095.4150683333332
Ag,6,PBE0-MBDHI,1354.2319066666666,1323.1493800000003,1256.987535,1136.1777933333335
Ag,6,PBE0-MBDFI,1353.1596083333332,1323.0753133333333,1257.5794933333334,1135.7835933333333
Ag,6,HSE06,1297.5017183333334,1259.9393266666666,1186.922805,1084.0042700000001
Ag,6,HSE06-D4,1361.46389,1332.1328316666666,1263.261575,1147.572495
Ag,6,B3LYP,1201.9455983333335,1149.4792449999998,1050.7688383333336,1003.2705566666666
Ag,6,B3LYP-D2,1250.6180983333336,1213.6923,1118.5778716666669,1065.70827
Ag,6,B3LYP-D30,1249.0061933333334,1211.7913933333332,1106.0428266666665,1057.7531900000001
Ag,6,B3LYP-D3,1355.768485,1324.7664183333331,1240.4719966666669,1156.751905
Ag,6,B3LYP-D4,1562.209145,1540.94661,1475.0293916666667,1369.24166
Ag,8,PBE,1468.77844375,1538.1064712500001,1476.1440562500002,1552.6247125000002
Ag,8,PBE-D2,1518.02946875,1616.4766562500001,1523.6966412499999,1640.2097075
Ag,8,PBE-DDSC,1513.55029875,1601.96552875,1524.7758824999999,1619.195215
Ag,8,PBE-D30,1506.74520125,1587.3359312500002,1511.3095487500002,1606.6869350000002
Ag,8,PBE-D3,1547.8735225,1645.6472762499998,1560.9028087499998,1664.69180875
Ag,8,PBE-TS,1495.070335,1571.3766712499998,1499.3327375000001,1589.71696
Ag,8,PBE-TSHI,1494.0634525,1569.52203125,1498.94333375,1587.0274712500002
Ag,8,PBE-D4,1554.0162612499998,1654.645995,1567.6567825,1674.22207375
Ag,8,PBE-MBDHI,1550.52560875,1654.3373837499998,1566.87134875,1674.0465387499999
Ag,8,PBE-MBDFI,1543.5335312500001,1646.9722775,1559.19981125,1667.2528475000001
Ag,8,revPBE,1249.79861375,1285.34202375,1246.96379375,1295.4560775
Ag,8,REVPBE-D30,1324.151715,1397.5122062499997,1316.96644625,1421.5032399999998
Ag,8,revPBE-D3,1410.8292775,1507.21359625,1420.09504125,1527.1877412499998
Ag,8,revPBE-D4,1404.5894412500002,1501.4093050000001,1414.19265375,1521.50258375
Ag,8,PBEsol,1686.8618687500002,1803.44037125,1708.77539625,1823.2766075000002
Ag,8,PBEsol-D3,1739.99538625,1867.9207875000002,1763.81404625,1889.29753875
Ag,8,PBEsol-D4,1720.3126200000002,1843.7750312499998,1743.37499125,1864.5390399999999
Ag,8,vdW-DF,1279.6936074999999,1314.257015,1271.4891125,1325.2981787499998
Ag,8,vdW-DF2,1342.8783612500001,1357.4802512500003,1328.5679375000002,1367.6371725000001
Ag,8,optB86b-vdW,1557.1459975,1663.54034,1570.99638,1682.3138975
Ag,8,rev-vdW-DF2,1526.0019462500002,1620.7528225,1536.7355925000002,1638.13074125
Ag,8,TPSS,1472.4924650000003,1574.4681287500005,1488.755308750001,1591.2611612500011
Ag,8,R2SCAN,1567.7527287500013,1674.8982275000017,1583.7578562499991,1694.6041524999985
Ag,8,R2SCAN-D3,1593.047412499999,1705.4750650000017,1609.9479049999986,1725.9017512499995
Ag,8,R2SCAN-D4,1586.8748737499984,1697.7174012499993,1603.4924437499994,1717.916047500001
Ag,8,R2SCAN-RVV10,1621.0764937499996,1745.5389025000018,1641.2047375000006,1767.4451050000002
Ag,8,SCAN-rVV10,1561.4774487500008,1678.3772075000022,1579.5056950000017,1698.3243775000005
Ag,8,PBE0,1325.74367,1395.2421462499997,1327.3123975,1408.33092375
Ag,8,PBE0-D30,1368.8018237499998,1452.2337275000002,1366.18256875,1471.6162987500002
Ag,8,PBE0-D3,1408.47687625,1506.4824374999998,1415.64303875,1524.1012862500002
Ag,8,PBE0-D4,1401.3756525000001,1496.80418625,1408.0520662500003,1514.03971375
Ag,8,PBE0-TSHI,1349.7220425,1424.7951475,1349.29736125,1440.3283112499998
Ag,8,PBE0-MBDHI,1392.1554925,1489.18480125,1400.4293125,1506.5904675000002
Ag,8,PBE0-MBDFI,1390.7639975000002,1489.4317075000001,1398.8903337499999,1507.61192125
Ag,8,HSE06,1325.6562625,1395.39302625,1328.70307,1408.9208099999998
Ag,8,HSE06-D4,1399.7400575000001,1494.7072587500002,1407.75023125,1512.26348125
Ag,8,B3LYP,1226.64474875,1239.601045,1212.43053875,1247.7257812500002
Ag,8,B3LYP-D2,1295.59617125,1349.3192924999998,1279.00414625,1370.34476125
Ag,8,B3LYP-D30,1298.455865,1340.33472125,1277.5635125,1360.87276375
Ag,8,B3LYP-D3,1399.77529,1480.8146450000002,1399.277745,1499.93608875
Ag,8,B3LYP-D4,1610.59038125,1733.9603825000002,1628.775235,1757.30712125
Cu,4,PBE,1590.1134025000001,1494.138735,1283.9779225000002,1327.34683
Cu,4,PBE-D2,1598.476425,1502.493065,1290.7442525,1337.3415774999999
Cu,4,PBE-DDSC,1607.6359725,1508.616055,1294.5317925,1349.507015
Cu,4,PBE-D30,1597.1674725,1503.4806925,1292.4645150000001,1330.8836775
Cu,4,PBE-D3,1628.3731575,1528.1562075,1310.98727,1367.96536
Cu,4,PBE-TS,1597.3947425,1503.2869600000001,1291.9389225,1328.61614
Cu,4,PBE-TSHI,1597.6671525000002,1502.92176,1291.9061875,1328.45456
Cu,4,PBE-D4,1632.2740625000001,1531.47891,1313.54464,1372.13516
Cu,4,PBE-MBDHI,1630.9765699999998,1527.9467874999998,1311.26901,1369.8911349999998
Cu,4,PBE-MBDFI,1629.88186,1527.8550125000002,1310.4664324999999,1368.2696725
Cu,4,revPBE,1409.8025925,1328.0176374999999,1136.1597875,1148.2324724999999
Cu,4,REVPBE-D30,1426.118325,1345.9328525,1150.9740375,1159.7130375
Cu,4,revPBE-D3,1490.489765,1399.27116,1192.3242675000001,1234.1698125000003
Cu,4,revPBE-D4,1493.37721,1400.5500775,1192.8249675,1238.1547074999999
Cu,4,PBEsol,1764.1055825,1644.7882525000002,1400.4091525,1499.3018775000003
Cu,4,PBEsol-D3,1784.4550700000002,1664.3008,1416.8252,1520.04928
Cu,4,PBEsol-D4,1777.3510599999997,1657.463935,1411.1013475,1512.805365
Cu,4,vdW-DF,1368.7913649999998,1306.8280175,1145.4213574999999,1109.8653199999999
Cu,4,vdW-DF2,1430.7929000000001,1383.741625,1239.7451550000003,1165.2685375000003
Cu,4,optB86b-vdW,1600.5040999999997,1502.9815875,1290.31992,1340.3460374999997
Cu,4,rev-vdW-DF2,1575.5032325000002,1484.3675700000003,1282.0244700000003,1313.0120675
Cu,4,TPSS,1579.6218900000003,1470.148139999999,1238.0752674999992,1321.9920149999994
Cu,4,R2SCAN,1650.7109824999998,1533.1602150000006,1287.1699124999996,1385.8033550000002
Cu,4,R2SCAN-D3,1660.6610625,1542.6670800000002,1295.1980500000006,1395.9733274999992
Cu,4,R2SCAN-D4,1658.341740000001,1540.4657200000001,1293.3797699999996,1393.5861749999995
Cu,4,R2SCAN-RVV10,1680.0554000000006,1558.5927349999995,1307.3449650000005,1416.85924
Cu,4,SCAN-rVV10,1663.9573824999995,1542.8252249999996,1281.36119,1394.1086149999985
Cu,4,PBE0,1324.7153800000003,1232.0537124999998,1052.8968525,1052.01672
Cu,4,PBE0-D30,1332.8978225,1242.0682424999998,1061.7903025,1056.440165
Cu,4,PBE0-D3,1363.1329150000001,1266.66273,1080.5682525,1092.4682875
Cu,4,PBE0-D4,1360.569695,1264.352205,1078.7244074999999,1089.714125
Cu,4,PBE0-TSHI,1331.9406950000002,1240.2360125,1060.5376400000002,1053.0163475
Cu,4,PBE0-MBDHI,1356.7988525000003,1259.326545,1075.1137075,1084.7777425
Cu,4,PBE0-MBDFI,1358.6405875,1260.9226850000002,1075.7470924999998,1086.5301975000002
Cu,4,HSE06,1324.23046,1232.14633,1057.0284024999999,1052.664045
Cu,4,HSE06-D4,1359.0816875000003,1263.590255,1082.1996400000003,1089.2744400000001
Cu,4,B3LYP,1261.48416,1197.4714775,1056.574505,983.3793
Cu,4,B3LYP-D2,1273.19248,1209.16799,1066.047365,997.3715924999999
Cu,4,B3LYP-D30,1276.1790125,1214.8232225,1071.4915125,991.46226
Cu,4,B3LYP-D3,1347.6454075,1272.7351675,1115.5653949999999,1075.81574
Cu,4,B3LYP-D4,1661.1198425000002,1556.7156999999997,1333.2506474999998,1402.9623199999999
Cu,6,PBE,1914.440336666667,1890.842816666667,1870.6202116666666,1724.0125983333335
Cu,6,PBE-D2,1933.1028516666665,1916.4364249999999,1890.1246133333334,1744.455865
Cu,6,PBE-DDSC,1942.668895,1924.1547616666664,1907.002966666667,1752.813601666667
Cu,6,PBE-D30,1934.7966466666667,1914.6669733333333,1886.423525,1743.9104266666668
Cu,6,PBE-D3,1969.7553983333335,1952.183875,1934.3522116666668,1778.6159466666668
Cu,6,PBE-TS,1935.3301616666668,1916.8304133333334,1886.7835366666666,1744.3533616666666
Cu,6,PBE-TSHI,1934.7455283333331,1915.3147766666668,1885.7839583333334,1742.8079066666667
Cu,6,PBE-D4,1975.2953016666668,1958.4175999999998,1940.8582666666669,1784.1079466666665
Cu,6,PBE-MBDHI,1977.97637,1961.5899916666667,1944.8694649999998,1786.0344833333331
Cu,6,PBE-MBDFI,1976.8379333333335,1960.572738333333,1943.8780116666665,1785.6038916666669
Cu,6,revPBE,1706.2648,1674.6320983333335,1646.1220716666667,1516.5158450000001
Cu,6,REVPBE-D30,1747.4510050000004,1729.5533716666664,1683.970553333333,1558.7352700000001
Cu,6,revPBE-D3,1822.1579483333335,1804.0587583333333,1780.6877733333338,1631.0422283333335
Cu,6,revPBE-D4,1823.85286,1807.0636783333332,1785.160313333333,1633.1338616666667
Cu,6,PBEsol,2120.9440699999996,2110.1809949999997,2109.010625,1925.866815
Cu,6,PBEsol-D3,2153.1230849999997,2143.8241883333335,2142.991225,1957.2822083333333
Cu,6,PBEsol-D4,2141.9113083333336,2132.07,2131.1245183333335,1946.357093333333
Cu,6,vdW-DF,1657.9583516666664,1619.8727783333331,1571.01093,1474.84293
Cu,6,vdW-DF2,1724.5730883333335,1674.4093433333335,1605.1775150000003,1548.1020416666665
Cu,6,optB86b-vdW,1934.941325,1916.4838433333334,1899.8598416666664,1744.4368149999998
Cu,6,rev-vdW-DF2,1903.5797116666668,1881.1896250000002,1858.321956666667,1714.7422200000003
Cu,6,TPSS,1909.3123266666669,1893.9715699999997,1896.3646783333327,1712.4520416666655
Cu,6,R2SCAN,2005.4955433333337,1991.6532866666666,1987.0558466666655,1805.26811
Cu,6,R2SCAN-D3,2021.1609800000003,2008.063063333334,2003.6644699999995,1820.593725000001
Cu,6,R2SCAN-D4,2017.5779249999994,2004.2511333333337,1999.7921450000008,1817.0983333333338
Cu,6,R2SCAN-RVV10,2042.7029950000008,2032.4466233333335,2031.6480083333345,1842.527145
Cu,6,SCAN-rVV10,2028.1694516666669,2009.6739916666663,2011.5918350000009,1822.4650466666644
Cu,6,PBE0,1626.6993100000002,1603.1017050000003,1569.040315,1402.1103866666672
Cu,6,PBE0-D30,1649.4592799999998,1631.584763333333,1587.9171183333333,1424.8582383333335
Cu,6,PBE0-D3,1683.1959216666667,1665.2379866666668,1633.1383916666666,1457.7199583333334
Cu,6,PBE0-D4,1679.5820033333332,1661.1458783333333,1628.8647983333335,1454.1430250000003
Cu,6,PBE0-TSHI,1645.8135233333335,1626.06858,1583.150036666667,1419.06774
Cu,6,PBE0-MBDHI,1677.5889783333334,1659.5515833333336,1627.7218183333332,1451.405825
Cu,6,PBE0-MBDFI,1680.198331666667,1662.777615,1631.2624216666668,1454.7765983333334
Cu,6,HSE06,1624.9393483333333,1602.7186666666664,1567.3621416666667,1403.8770216666667
Cu,6,HSE06-D4,1676.4397416666666,1659.178995,1625.5168983333333,1454.5343516666667
Cu,6,B3LYP,1544.6680066666668,1501.8927166666665,1435.8239716666665,1333.337525
Cu,6,B3LYP-D2,1570.7955316666664,1537.7237666666665,1463.13013,1361.9580966666667
Cu,6,B3LYP-D30,1584.6298633333333,1553.4711683333335,1469.9896966666665,1373.4808
Cu,6,B3LYP-D3,1666.6432183333334,1639.0038100000002,1579.3062916666668,1454.1795483333333
Cu,6,B3LYP-D4,2016.4428400000004,2004.6709483333336,1989.0105183333335,1824.8132150000004
Cu,8,PBE,1959.2377137499998,2118.65221875,1987.3424337499998,2139.54672875
Cu,8,PBE-D2,1991.03155875,2160.0175412500002,2013.9940425000002,2186.9404037500003
Cu,8,PBE-DDSC,1994.36812,2169.02213375,2024.933495,2192.23664875
Cu,8,PBE-D30,1990.0048437499997,2149.6176562500004,2017.460115,2171.46084
Cu,8,PBE-D3,2025.3732337499998,2202.9813724999995,2056.8291999999997,2226.64426875
Cu,8,PBE-TS,1987.3996049999998,2147.7382987499996,2019.1100737499999,2168.323985
Cu,8,PBE-TSHI,1986.2925612500003,2145.3078875,2018.4899549999998,2165.2316775
Cu,8,PBE-D4,2031.8375250000004,2211.5254050000003,2063.69820375,2235.50723875
Cu,8,PBE-MBDHI,2036.1157312500002,2221.938545,2071.6907312499998,2246.81685375
Cu,8,PBE-MBDFI,2034.8294937500002,2221.9542462500003,2070.260285,2247.36141625
Cu,8,revPBE,1741.5852249999998,1871.0479362499998,1761.40459125,1888.1416912500001
Cu,8,REVPBE-D30,1801.1424324999998,1943.6375462500002,1821.0472475000001,1966.4311862499999
Cu,8,revPBE-D3,1879.17427,2048.8089237500003,1906.4734637500003,2072.1277075
Cu,8,revPBE-D4,1879.0947262500001,2052.829325,1907.3842637499997,2076.9536762499997
Cu,8,PBEsol,2175.02158375,2386.8885025,2217.41924125,2413.84019875
Cu,8,PBEsol-D3,2216.36332625,2433.5734475,2259.44435375,2461.1269062499996
Cu,8,PBEsol-D4,2202.0187300000002,2417.2727800000002,2244.8528312500002,2444.6058337500003
Cu,8,vdW-DF,1694.4557187499997,1791.6876237499998,1701.7170624999999,1805.7025199999998
Cu,8,vdW-DF2,1766.1702850000004,1821.9248662500004,1761.7063550000003,1831.6026087500002
Cu,8,optB86b-vdW,1983.7062075,2163.426055,2013.4109387499998,2186.6274325
Cu,8,rev-vdW-DF2,1949.5264475000004,2115.3758900000003,1975.7829775000002,2136.8831725
Cu,8,TPSS,1952.5789787499991,2155.56549125,1990.2270600000004,2180.55264875
Cu,8,R2SCAN,2061.522945,2262.4911712499998,2099.767397499999,2288.7663825000004
Cu,8,R2SCAN-D3,2081.6319862499995,2285.257765,2120.238006249999,2311.8455849999996
Cu,8,R2SCAN-D4,2077.1258537499994,2279.984390000001,2115.6211599999997,2306.476085
Cu,8,R2SCAN-RVV10,2102.466617500001,2315.881730000001,2143.387548750001,2343.687602500001
Cu,8,SCAN-rVV10,2089.433677499999,2293.8823399999997,2126.3018987499986,2320.7407774999992
Cu,8,PBE0,1658.0792250000002,1805.5322162500001,1678.58307875,1824.6263962500002
Cu,8,PBE0-D30,1691.4565275000002,1842.0632275000003,1712.1439624999998,1863.1077475
Cu,8,PBE0-D3,1726.4590062500001,1891.0340625,1750.0098000000003,1912.6558962500003
Cu,8,PBE0-D4,1722.20647125,1885.42216875,1745.503355,1906.8201324999998
Cu,8,PBE0-TSHI,1683.47313875,1830.0438512500002,1707.9000150000004,1848.0796500000004
Cu,8,PBE0-MBDHI,1720.59358625,1887.3478400000004,1746.1855425,1910.02078125
Cu,8,PBE0-MBDFI,1723.3061837500002,1893.72323125,1749.1855925,1916.8466575000002
Cu,8,HSE06,1655.3330362499999,1803.4795337499997,1677.4534637499999,1823.0332737499998
Cu,8,HSE06-D4,1717.8779774999998,1881.2024099999999,1742.67526,1902.9650275000001
Cu,8,B3LYP,1571.54008625,1649.7142175,1574.3717499999998,1662.350155
Cu,8,B3LYP-D2,1616.0514687500001,1707.6256675000002,1611.6840012499997,1728.7012975
Cu,8,B3LYP-D30,1629.08808875,1715.45127125,1632.8716074999998,1732.11887125
Cu,8,B3LYP-D3,1714.84997,1837.9424587500002,1726.20730125,1857.6860775
Cu,8,B3LYP-D4,2080.3272812500004,2275.00247,2115.0048637500004,2301.3363675
